c19b2f32fcbe0ad89daf718736cf731d,10a94632-a0a1-4062-a3a5-95fe321ae045
5b6973af749df7180f6fe0fa29076820,10a94632-a0a1-4062-a3a5-95fe321ae045
a53ad4a4ea755f1ff3c0c29ef405659b,10a94632-a0a1-4062-a3a5-95fe321ae045
beede64ec61167c2655c445e19e5b2c3,10a94632-a0a1-4062-a3a5-95fe321ae045
f92fdb19abea29a06e68965616f3fab7,10a94632-a0a1-4062-a3a5-95fe321ae045
f24df9df489c4272fb6bdf994bb81885,10a94632-a0a1-4062-a3a5-95fe321ae045
01481878da53fcb37243822b83ce08ce,10a94632-a0a1-4062-a3a5-95fe321ae045
d0dbe915091d400bd8ee7f27f0791303,10a94632-a0a1-4062-a3a5-95fe321ae045
e919c49d5f0cd737285367810a3394d0,10a94632-a0a1-4062-a3a5-95fe321ae045
6fa2d4643d45dc3ba3646ec72b92ec8e,10a94632-a0a1-4062-a3a5-95fe321ae045
102e42d69eb09310679b7fa0783e4204,10a94632-a0a1-4062-a3a5-95fe321ae045
5757d0213e58bdf5140c4bb75a2286c7,10a94632-a0a1-4062-a3a5-95fe321ae045
bc004bc83b67814b97fba5a6da545360,10a94632-a0a1-4062-a3a5-95fe321ae045
633ad08c31049a9cbe736e1d5037ad49,10a94632-a0a1-4062-a3a5-95fe321ae045
a8affc088cbca89fa20dbd98c91362e4,10a94632-a0a1-4062-a3a5-95fe321ae045
e919c49d5f0cd737285367810a3394d0,10a94632-a0a1-4062-a3a5-95fe321ae045
c51cd0e0cebf87a9ed6eb8e3c824a09b,10a94632-a0a1-4062-a3a5-95fe321ae045
ddcaf67a6f5047486414395764ac1167,10a94632-a0a1-4062-a3a5-95fe321ae045
5757d0213e58bdf5140c4bb75a2286c7,10a94632-a0a1-4062-a3a5-95fe321ae045
be899f64db8047928ba13351742295db,10a94632-a0a1-4062-a3a5-95fe321ae045
38bf1b6b56408bbdb5ba1cc1802fe898,10a94632-a0a1-4062-a3a5-95fe321ae045
657f8b8da628ef83cf69101b6817150a,10a94632-a0a1-4062-a3a5-95fe321ae045
e919c49d5f0cd737285367810a3394d0,10a94632-a0a1-4062-a3a5-95fe321ae045
856fa5306f7121059f903b9f7550825e,10a94632-a0a1-4062-a3a5-95fe321ae045
65854d63c80ee06cd01322e615dfd793,10a94632-a0a1-4062-a3a5-95fe321ae045
91ceea44bc26d88caa9ae5d97ab16326,10a94632-a0a1-4062-a3a5-95fe321ae045
ff2b68f242cc4a1ac98af67c5e988d75,10a94632-a0a1-4062-a3a5-95fe321ae045
f2486332c0341b820d2e18850f413c1a,10a94632-a0a1-4062-a3a5-95fe321ae045
4d236d9a2d102c5fe6ad1c50da4bec50,10a94632-a0a1-4062-a3a5-95fe321ae045
ef89f9c7f898929f08d8a7f3cf7d1499,10a94632-a0a1-4062-a3a5-95fe321ae045
b77ea1460e0024a5391fb78f63c844ac,10a94632-a0a1-4062-a3a5-95fe321ae045
c76478be95e2fe5f010b78293dc61041,10a94632-a0a1-4062-a3a5-95fe321ae045
b77ea1460e0024a5391fb78f63c844ac,10a94632-a0a1-4062-a3a5-95fe321ae045
2e75f1200b1316eb5c6fbb230e623e6b,10a94632-a0a1-4062-a3a5-95fe321ae045
a77c95edf37e944462b63c4f3aca9719,10a94632-a0a1-4062-a3a5-95fe321ae045
1f5424898b2b60e17c587b6a4bc603a5,10a94632-a0a1-4062-a3a5-95fe321ae045
a8aebb4ab37ecae70f793d1715b84ba4,10a94632-a0a1-4062-a3a5-95fe321ae045
faf2b87acb636a74d926ce78f6d61e5f,10a94632-a0a1-4062-a3a5-95fe321ae045
4d236d9a2d102c5fe6ad1c50da4bec50,10a94632-a0a1-4062-a3a5-95fe321ae045
c4ced93b3397b769155d4ec4974d664b,10a94632-a0a1-4062-a3a5-95fe321ae045
c9f22bc5d36f379b8cea1dfd2e1b1277,10a94632-a0a1-4062-a3a5-95fe321ae045
f79cd5aab8c0a9ed2db213eac2285044,10a94632-a0a1-4062-a3a5-95fe321ae045
c9f22bc5d36f379b8cea1dfd2e1b1277,10a94632-a0a1-4062-a3a5-95fe321ae045
95a519889ec2d0125cd216e655b3ae43,10a94632-a0a1-4062-a3a5-95fe321ae045
4d236d9a2d102c5fe6ad1c50da4bec50,10a94632-a0a1-4062-a3a5-95fe321ae045
1e1d5de0ed3c0978457a9de8ff7b9c7d,10a94632-a0a1-4062-a3a5-95fe321ae045
b77ea1460e0024a5391fb78f63c844ac,10a94632-a0a1-4062-a3a5-95fe321ae045
c76478be95e2fe5f010b78293dc61041,10a94632-a0a1-4062-a3a5-95fe321ae045
b77ea1460e0024a5391fb78f63c844ac,10a94632-a0a1-4062-a3a5-95fe321ae045
2af68ea3926417d00ee671732828f3d8,10a94632-a0a1-4062-a3a5-95fe321ae045
4d236d9a2d102c5fe6ad1c50da4bec50,10a94632-a0a1-4062-a3a5-95fe321ae045
9a2d13a8d5166005bd17fe40d8b16af5,10a94632-a0a1-4062-a3a5-95fe321ae045
ed3437dec7d2f3d827767c943a506c1f,10a94632-a0a1-4062-a3a5-95fe321ae045
b41195c5967c4b59d3a4322bb9096d22,10a94632-a0a1-4062-a3a5-95fe321ae045
ed3437dec7d2f3d827767c943a506c1f,10a94632-a0a1-4062-a3a5-95fe321ae045
456f9777aaea4e4bf3fca89d915af839,10a94632-a0a1-4062-a3a5-95fe321ae045
be25691bd75c83bb4157c4e72f9bfb65,10a94632-a0a1-4062-a3a5-95fe321ae045
b1180a23aba9e5a5358c16b3f13f1b0c,10a94632-a0a1-4062-a3a5-95fe321ae045
c3d9cf1c10495e3e50ead2b72ef4a909,10a94632-a0a1-4062-a3a5-95fe321ae045
4702e55a9e867cff3477073356db8e51,10a94632-a0a1-4062-a3a5-95fe321ae045
4d236d9a2d102c5fe6ad1c50da4bec50,10a94632-a0a1-4062-a3a5-95fe321ae045
4ca359abfb9d1cde55d568cf66531578,10a94632-a0a1-4062-a3a5-95fe321ae045
08cc24ad2f7a4f8d65ba7721ccc4d52a,10a94632-a0a1-4062-a3a5-95fe321ae045
f14ff2c44836a3e7053aef400ef8166d,10a94632-a0a1-4062-a3a5-95fe321ae045
08cc24ad2f7a4f8d65ba7721ccc4d52a,10a94632-a0a1-4062-a3a5-95fe321ae045
aa02e377b6c32b11f579dced81d69cb5,10a94632-a0a1-4062-a3a5-95fe321ae045
4a462cde7f9de44fcbf0a0c8dbbe197f,10a94632-a0a1-4062-a3a5-95fe321ae045
8453ed929a3d18acd17ac875f9950329,10a94632-a0a1-4062-a3a5-95fe321ae045
843015ba29ede20478bf8b7c9eb1edc0,10a94632-a0a1-4062-a3a5-95fe321ae045
89363e3bff93fe1bba17a0fd0fd7fdfb,10a94632-a0a1-4062-a3a5-95fe321ae045
4d236d9a2d102c5fe6ad1c50da4bec50,10a94632-a0a1-4062-a3a5-95fe321ae045
a66ec829b34b79026dc2d53993a16e5e,10a94632-a0a1-4062-a3a5-95fe321ae045
b280e079f96a931e19d1778ee151a999,10a94632-a0a1-4062-a3a5-95fe321ae045
e96d0ad377649e8e284927ce6c4156b8,10a94632-a0a1-4062-a3a5-95fe321ae045
e58f8109a555d50646e9c0e3829a4e65,10a94632-a0a1-4062-a3a5-95fe321ae045
71f3add3bc9ce187f95f20ba8a38abc6,10a94632-a0a1-4062-a3a5-95fe321ae045
40fa73c9d0083043c6576dd2b40511e4,10a94632-a0a1-4062-a3a5-95fe321ae045
fdd56c13df6e5b18109fc33df5e546e3,10a94632-a0a1-4062-a3a5-95fe321ae045
35ef1fedfd46c60a7fc34d63a2c69574,10a94632-a0a1-4062-a3a5-95fe321ae045
73265c2511fca39c92907e7436f8da12,10a94632-a0a1-4062-a3a5-95fe321ae045
35ef1fedfd46c60a7fc34d63a2c69574,10a94632-a0a1-4062-a3a5-95fe321ae045
d84f19c490fc84401c09d52c36da0e89,10a94632-a0a1-4062-a3a5-95fe321ae045
80f9a6a2bf561ba1c8f3520f8c9806d0,10a94632-a0a1-4062-a3a5-95fe321ae045
4d236d9a2d102c5fe6ad1c50da4bec50,10a94632-a0a1-4062-a3a5-95fe321ae045
c8b33ac83015a2ed8a5b9b3593e17072,10a94632-a0a1-4062-a3a5-95fe321ae045
0d9166d1a7e60ea16de5f1683f083727,10a94632-a0a1-4062-a3a5-95fe321ae045
9a60636183f0c8103ab2abb8c589622e,10a94632-a0a1-4062-a3a5-95fe321ae045
c94aff96f4cd819019dd4cdd3fcfdeba,10a94632-a0a1-4062-a3a5-95fe321ae045
87917f0ec832199ae4e14c0028568306,10a94632-a0a1-4062-a3a5-95fe321ae045
ad50e9cf2e4074605b98408afc1910bf,10a94632-a0a1-4062-a3a5-95fe321ae045
9f86307a00325a28ba8179f593291790,10a94632-a0a1-4062-a3a5-95fe321ae045
c1e0ec21e7f30f0a320d5d85060558c6,10a94632-a0a1-4062-a3a5-95fe321ae045
75d5b8c6ca6c3755fcdc4ac0800fa3d8,10a94632-a0a1-4062-a3a5-95fe321ae045
fcf2ca946e989f20ed47fe1c7d433a23,10a94632-a0a1-4062-a3a5-95fe321ae045
dc6fb68c2ab9d7bba09ad90f5161b2d4,10a94632-a0a1-4062-a3a5-95fe321ae045
87917f0ec832199ae4e14c0028568306,10a94632-a0a1-4062-a3a5-95fe321ae045
fba4aed44e1cfc87d35abab6c5eb2760,10a94632-a0a1-4062-a3a5-95fe321ae045
9f86307a00325a28ba8179f593291790,10a94632-a0a1-4062-a3a5-95fe321ae045
2e33753e3037952787c0fe58dfa2e9e3,10a94632-a0a1-4062-a3a5-95fe321ae045
e038594e3e62e96524a1d23b83301389,10a94632-a0a1-4062-a3a5-95fe321ae045
ebca8ee41b523ec30ca5cc554e0755cd,10a94632-a0a1-4062-a3a5-95fe321ae045
b559688c544b4576aa97d51e7fe39a62,10a94632-a0a1-4062-a3a5-95fe321ae045
dddc92e187f838b3a948d338355fd113,10a94632-a0a1-4062-a3a5-95fe321ae045
9e3f7051c0afdc398913acbcc2c9422e,10a94632-a0a1-4062-a3a5-95fe321ae045
ed763e82289d1f6540aaf2beb28ee78a,10a94632-a0a1-4062-a3a5-95fe321ae045
3af6aac492e42f0a79a871bb113ef311,10a94632-a0a1-4062-a3a5-95fe321ae045
e3ee7863bc3792260c6ed05b7a8857b0,10a94632-a0a1-4062-a3a5-95fe321ae045
4d236d9a2d102c5fe6ad1c50da4bec50,10a94632-a0a1-4062-a3a5-95fe321ae045
13958c5b34d9102bd8ce9d8788c4535a,10a94632-a0a1-4062-a3a5-95fe321ae045
2596d105fc2105f0dfd6aa2d74ea4915,10a94632-a0a1-4062-a3a5-95fe321ae045
57c80f233eedba8bb775ea50c628f6ac,10a94632-a0a1-4062-a3a5-95fe321ae045
2596d105fc2105f0dfd6aa2d74ea4915,10a94632-a0a1-4062-a3a5-95fe321ae045
45b5ce98d8d58650c64a1848636aa88f,10a94632-a0a1-4062-a3a5-95fe321ae045
45b5ce98d8d58650c64a1848636aa88f,10a94632-a0a1-4062-a3a5-95fe321ae045
371f33683db0b5063ba8f192ed35464a,10a94632-a0a1-4062-a3a5-95fe321ae045
d2e143562168b49133f4a2594e65f9e5,10a94632-a0a1-4062-a3a5-95fe321ae045
5a351647fb3909379fefd5500267f6b7,10a94632-a0a1-4062-a3a5-95fe321ae045
4d236d9a2d102c5fe6ad1c50da4bec50,10a94632-a0a1-4062-a3a5-95fe321ae045
a55aa6514087eb961bc27d71b814ae21,daf03b1b-3bbf-4648-980e-a102c865805c
a22f53c72d82e19a7dc3fff940f35b62,daf03b1b-3bbf-4648-980e-a102c865805c
f173760044c1f75c6ebf1bb70d47d131,daf03b1b-3bbf-4648-980e-a102c865805c
80b33c1731f7d5e6083224ab34d0c363,2683b27f-c509-4458-84f9-8980f60548df
fbc774c443728c1b4981ee4b3b0d3138,2683b27f-c509-4458-84f9-8980f60548df
1e875c884b96307339d873d366bfde5f,2683b27f-c509-4458-84f9-8980f60548df
b7c2f21f27e8b15543311e8c9b924d24,2683b27f-c509-4458-84f9-8980f60548df
cf74d79d281937e18b8140849d3be815,2683b27f-c509-4458-84f9-8980f60548df
9b996d947ac41cae3f714e21c83bd661,2683b27f-c509-4458-84f9-8980f60548df
cf74d79d281937e18b8140849d3be815,2683b27f-c509-4458-84f9-8980f60548df
644f6b22b50f1feb4347d8fabc9fb633,2683b27f-c509-4458-84f9-8980f60548df
a848e3a2105ac6f1da919900bc45ec7d,2683b27f-c509-4458-84f9-8980f60548df
5c800536102af4c41bd03079970818f3,2683b27f-c509-4458-84f9-8980f60548df
8662cb1f0bdeaa8572492ad1de71e293,2683b27f-c509-4458-84f9-8980f60548df
5e056c500a1c4b6a7110b50d807bade5,2683b27f-c509-4458-84f9-8980f60548df
560686bf7e54a4adf0a361d57f0871df,2683b27f-c509-4458-84f9-8980f60548df
3327190b509a5934ccf6cc9e886a1141,2683b27f-c509-4458-84f9-8980f60548df
560686bf7e54a4adf0a361d57f0871df,2683b27f-c509-4458-84f9-8980f60548df
3327190b509a5934ccf6cc9e886a1141,2683b27f-c509-4458-84f9-8980f60548df
4284c73f2be8fda0b83b1e55aaad7dae,2683b27f-c509-4458-84f9-8980f60548df
218b56f89f634484160ffa36e3e6dfab,2683b27f-c509-4458-84f9-8980f60548df
282f7886f0036182ee3296a9ecfebebc,2683b27f-c509-4458-84f9-8980f60548df
c150334863ef48fdf050963d05eb47cf,2683b27f-c509-4458-84f9-8980f60548df
5eea9bede4dc86d52703a550e04055e7,2683b27f-c509-4458-84f9-8980f60548df
0e83ca8a685d92695e8865c2015e8c94,2683b27f-c509-4458-84f9-8980f60548df
e4a6e4d85ee2dc28ba5273e5dd8aa617,2683b27f-c509-4458-84f9-8980f60548df
091a0a35b9f57dcb09e0668f4aeb16f8,2683b27f-c509-4458-84f9-8980f60548df
5c800536102af4c41bd03079970818f3,2683b27f-c509-4458-84f9-8980f60548df
9981df88104befcd5f1e87e4a8c07a84,2683b27f-c509-4458-84f9-8980f60548df
5e056c500a1c4b6a7110b50d807bade5,2683b27f-c509-4458-84f9-8980f60548df
dfc0c4742d34ce4629900d39b16fc868,2683b27f-c509-4458-84f9-8980f60548df
bfa9ffdfabcd3d355eaad7fe604026a2,2683b27f-c509-4458-84f9-8980f60548df
99eb728402229baab3977ed5f2e0d69d,83a7add9-76d7-47ef-9f4b-ebd07fbe880d
2a5572e1be8bd528a8b2c223800e7eb0,83a7add9-76d7-47ef-9f4b-ebd07fbe880d
13f0736400942e1a72d6ddf01f22bc5c,83a7add9-76d7-47ef-9f4b-ebd07fbe880d
cfce891e7fd0bb4503b4fa62a6d764da,83a7add9-76d7-47ef-9f4b-ebd07fbe880d
3db49c2a5ce00c4d5940cc1354beeaf0,83a7add9-76d7-47ef-9f4b-ebd07fbe880d
f52ce2476faa16c6bc1e1f927443541c,83a7add9-76d7-47ef-9f4b-ebd07fbe880d
4b826182c855f4b3dd2abea9ed2538be,83a7add9-76d7-47ef-9f4b-ebd07fbe880d
c6a761eb357c492a19bc9674aa6f7f2b,83a7add9-76d7-47ef-9f4b-ebd07fbe880d
abdfc01964fefcd2e8920f9724527394,83a7add9-76d7-47ef-9f4b-ebd07fbe880d
11f153baac6b31953f228ffe6f48ab97,83a7add9-76d7-47ef-9f4b-ebd07fbe880d
a9965261ae204ab0e426eeeb89891818,83a7add9-76d7-47ef-9f4b-ebd07fbe880d
3d945423f8e9496c429a5d8c65b4604f,83a7add9-76d7-47ef-9f4b-ebd07fbe880d
8b6f93f33bce541c7f50f8aff637e2e1,83a7add9-76d7-47ef-9f4b-ebd07fbe880d
6fe8b98c53e8d099686936732785d471,83a7add9-76d7-47ef-9f4b-ebd07fbe880d
86368adba59183f189d2fb1952e378a2,83a7add9-76d7-47ef-9f4b-ebd07fbe880d
0791817cc94f54b08a1c4dd9cedfaf50,83a7add9-76d7-47ef-9f4b-ebd07fbe880d
417e33e02a390c5fcd38e7ad18c940f4,83a7add9-76d7-47ef-9f4b-ebd07fbe880d
9a85db7fe4b7c3d50c83c599a85fbcff,83a7add9-76d7-47ef-9f4b-ebd07fbe880d
382d12288f158a270d2a5644ee409539,83a7add9-76d7-47ef-9f4b-ebd07fbe880d
417e33e02a390c5fcd38e7ad18c940f4,83a7add9-76d7-47ef-9f4b-ebd07fbe880d
8253c2142b80ad2c26559524cecad308,83a7add9-76d7-47ef-9f4b-ebd07fbe880d
12dab126df1c0e8bcabffde36be12d16,83a7add9-76d7-47ef-9f4b-ebd07fbe880d
08f0efebb1c51aada9430a089a2050cc,83a7add9-76d7-47ef-9f4b-ebd07fbe880d
158009631b48aa3e29172dc243dbfcda,83a7add9-76d7-47ef-9f4b-ebd07fbe880d
174f210174657be4d5ce0df06d20d28a,ec93ed24-3227-406e-bae0-38f7b90800e4
505464d4783c301fe57373387fab8b79,ec93ed24-3227-406e-bae0-38f7b90800e4
799dd30272f0e6e1f1b0cb425393b9f3,ec93ed24-3227-406e-bae0-38f7b90800e4
26b29473e6292ac72e7942e00d8dea5c,ec93ed24-3227-406e-bae0-38f7b90800e4
5e056c500a1c4b6a7110b50d807bade5,ec93ed24-3227-406e-bae0-38f7b90800e4
a3d0de9d627c393d7c987e0d1acd350f,ec93ed24-3227-406e-bae0-38f7b90800e4
a409affc2d37513692606e9b45cd666c,ec93ed24-3227-406e-bae0-38f7b90800e4
a054537b7f29fecbbb0d2126f05e880f,ec93ed24-3227-406e-bae0-38f7b90800e4
5e056c500a1c4b6a7110b50d807bade5,ec93ed24-3227-406e-bae0-38f7b90800e4
a3d0de9d627c393d7c987e0d1acd350f,ec93ed24-3227-406e-bae0-38f7b90800e4
96acc552d70bda90271f132521a80101,ec93ed24-3227-406e-bae0-38f7b90800e4
7ae89bac557009c3b3a6ce0b2bf6a30b,ec93ed24-3227-406e-bae0-38f7b90800e4
5909b8337b5886c6d5452ff8905cda39,ec93ed24-3227-406e-bae0-38f7b90800e4
07cbbca40a8e5cad1098c69c6053eba8,ec93ed24-3227-406e-bae0-38f7b90800e4
e59f2dc8737ac4e4ff6fadd0077c8f62,ec93ed24-3227-406e-bae0-38f7b90800e4
2457103cbb4580657491fae373794830,ec93ed24-3227-406e-bae0-38f7b90800e4
1238a94df765ff6c6b8ba9ed3b331672,ec93ed24-3227-406e-bae0-38f7b90800e4
2727fe3bfb59a3f4f9faa90033cda9bc,ec93ed24-3227-406e-bae0-38f7b90800e4
1a68f4f8f9bba5102b63861793900b47,ec93ed24-3227-406e-bae0-38f7b90800e4
2db9928afc831358642bf9f0d52f3f79,ec93ed24-3227-406e-bae0-38f7b90800e4
d3d0aef76a96622c3f992ab43843f8b4,ec93ed24-3227-406e-bae0-38f7b90800e4
7919b571c985f850def59e3971a13635,ec93ed24-3227-406e-bae0-38f7b90800e4
d17f6346c636e6d42146b5eee849aee9,ec93ed24-3227-406e-bae0-38f7b90800e4
35cc5ce6b7d169e6cc76f390f5bfb3f6,ec93ed24-3227-406e-bae0-38f7b90800e4
52da446847470576cfb4a08e0311dae4,ec93ed24-3227-406e-bae0-38f7b90800e4
57351787320b67666c5d2e5dfa1333df,ec93ed24-3227-406e-bae0-38f7b90800e4
ceb8d6dfcc107d369448a2b6385e1b72,ec93ed24-3227-406e-bae0-38f7b90800e4
38f0c37beeda1c790009971692101866,ec93ed24-3227-406e-bae0-38f7b90800e4
a047dced818c5190c1a4d7a358620efe,ec93ed24-3227-406e-bae0-38f7b90800e4
4b3717b68620c8cc103bec17221e7aee,ec93ed24-3227-406e-bae0-38f7b90800e4
3234bd6be4f449b4ecbb77b05d1f350f,ec93ed24-3227-406e-bae0-38f7b90800e4
a18eace1392ce6e623d62a28216de7c3,7cc5850c-a9bf-4b8f-8230-4229a6d4109e
ceb65ac5f04570947b4afd348b362a02,7cc5850c-a9bf-4b8f-8230-4229a6d4109e
160d4b9a5da1a09b56fafc333501555e,7cc5850c-a9bf-4b8f-8230-4229a6d4109e
be8df1f28c0abc85a0ed0c6860e5d832,7cc5850c-a9bf-4b8f-8230-4229a6d4109e
27486d7108da9de15f3444edb15281e3,7cc5850c-a9bf-4b8f-8230-4229a6d4109e
4ae8f14f8d1073951505ffd350de60de,7cc5850c-a9bf-4b8f-8230-4229a6d4109e
4eb2067a57d6733d76797f07d3ddbac6,7cc5850c-a9bf-4b8f-8230-4229a6d4109e
8bc9f028616d43096edec64fb280d7e3,7cc5850c-a9bf-4b8f-8230-4229a6d4109e
dfde4868bcf5e8ca6808fdb162f778b7,7cc5850c-a9bf-4b8f-8230-4229a6d4109e
5ca980d2d5f34466f52661e538a640db,7cc5850c-a9bf-4b8f-8230-4229a6d4109e
672287b4f09a7b4a43958e4694e69af7,7cc5850c-a9bf-4b8f-8230-4229a6d4109e
616a8a9a92471b1419f5ddb152ad0240,7cc5850c-a9bf-4b8f-8230-4229a6d4109e
406e6373c0c7ffcc3e526ef12dccdf72,7cc5850c-a9bf-4b8f-8230-4229a6d4109e
d0b2fbb21ec54f672abeaabd258fd663,7cc5850c-a9bf-4b8f-8230-4229a6d4109e
786a7e1224458b13778e0be4b1e5e4f0,7cc5850c-a9bf-4b8f-8230-4229a6d4109e
0d16e2932bc9abc65628fd5b3f19323e,7cc5850c-a9bf-4b8f-8230-4229a6d4109e
38c84b7d1bc9eef9e1b8cb5930187192,7cc5850c-a9bf-4b8f-8230-4229a6d4109e
07b802bbc665598944321e3001cfc060,7cc5850c-a9bf-4b8f-8230-4229a6d4109e
49e2e6ec8e6139d5f02d4333bf54db27,7cc5850c-a9bf-4b8f-8230-4229a6d4109e
3d31c63bccf8081d0a8fdb14f3d64bc7,7cc5850c-a9bf-4b8f-8230-4229a6d4109e
1c9f0537ff5d16b7323b322d75183175,7cc5850c-a9bf-4b8f-8230-4229a6d4109e
2b018afa23e70ff690630d2a6ea96826,7cc5850c-a9bf-4b8f-8230-4229a6d4109e
b2a58b3b49a8ce45471e085fa540e54b,7cc5850c-a9bf-4b8f-8230-4229a6d4109e
256857663a8e72a798ef20dfbfb0622c,7cc5850c-a9bf-4b8f-8230-4229a6d4109e
278fa509f0403e8ddcfc4fa8a6554c4c,7cc5850c-a9bf-4b8f-8230-4229a6d4109e
e415b252964ad7ccc97707c6341f1f2d,7cc5850c-a9bf-4b8f-8230-4229a6d4109e
1bf9cb2033067fc9743cdc05b7a6b0f6,7cc5850c-a9bf-4b8f-8230-4229a6d4109e
be4362ee96dfcdd8c97e7de1d3188fb7,7cc5850c-a9bf-4b8f-8230-4229a6d4109e
94b9f9087f519d504d26f1bc922d4736,7cc5850c-a9bf-4b8f-8230-4229a6d4109e
d0d8ccea639d6a69023ee2c7c642bf1d,7cc5850c-a9bf-4b8f-8230-4229a6d4109e
2b8ce0f6f9402fd89ce52adafa4e2043,7cc5850c-a9bf-4b8f-8230-4229a6d4109e
4359701c65f1bf63841b744b2f162ae3,7cc5850c-a9bf-4b8f-8230-4229a6d4109e
4cc96cfdb12418bbe62b1e5bfa32685e,7cc5850c-a9bf-4b8f-8230-4229a6d4109e
44cf7b0ebc72dc3fb4fdad4ace7c0ee5,7cc5850c-a9bf-4b8f-8230-4229a6d4109e
97a201888ee23e4bdf869f849053b16e,7cc5850c-a9bf-4b8f-8230-4229a6d4109e
a663d3775700b0168de98a08be2615f2,7cc5850c-a9bf-4b8f-8230-4229a6d4109e
220b4d0f441fc70d71322bcc55c71459,7cc5850c-a9bf-4b8f-8230-4229a6d4109e
8c10d0a3f1601f4095bb211ecaff665f,7cc5850c-a9bf-4b8f-8230-4229a6d4109e
858e6666ae7607ba09b0dba88112e89e,7cc5850c-a9bf-4b8f-8230-4229a6d4109e
06aaea7fe7ea6917b8dfd5718b0696e7,7cc5850c-a9bf-4b8f-8230-4229a6d4109e
484ee299aff0b576776358a796190fc7,7cc5850c-a9bf-4b8f-8230-4229a6d4109e
7592f8d9f561643c0f4c9de405023bb8,7cc5850c-a9bf-4b8f-8230-4229a6d4109e
321d94516edfc8df3072f36f2516da57,7cc5850c-a9bf-4b8f-8230-4229a6d4109e
4283bbbbd87380c27bec1e435ba357f6,7cc5850c-a9bf-4b8f-8230-4229a6d4109e
39b13e9eeba00eda91751eeada566930,7cc5850c-a9bf-4b8f-8230-4229a6d4109e
b9fae7f0a92a043b99ef97d5038a0113,7cc5850c-a9bf-4b8f-8230-4229a6d4109e
211542b367cdf3f41ff1558b2c26cb51,7cc5850c-a9bf-4b8f-8230-4229a6d4109e
51fd3654e326620eef3df06442a593ae,7cc5850c-a9bf-4b8f-8230-4229a6d4109e
953d3f4f100b7e16fa06248a94003bf1,7cc5850c-a9bf-4b8f-8230-4229a6d4109e
32dd4be13fdc8eb83043c6d52411a860,7cc5850c-a9bf-4b8f-8230-4229a6d4109e
d3da131ba00583ad274bfac1a7084d96,7cc5850c-a9bf-4b8f-8230-4229a6d4109e
891e4e9d82c12595ebfb56ba536ec4e5,7cc5850c-a9bf-4b8f-8230-4229a6d4109e
23486fa7b17c2a85742d5e9484f5a7c3,7cc5850c-a9bf-4b8f-8230-4229a6d4109e
544fa06af1bfc37beff59104c0904312,7cc5850c-a9bf-4b8f-8230-4229a6d4109e
c6b8b5a4b9cba2b2fd067a2f6e0b69b0,7cc5850c-a9bf-4b8f-8230-4229a6d4109e
f25c462e8b34418e29c2ef84b062877e,7cc5850c-a9bf-4b8f-8230-4229a6d4109e
19b79c4f890123dc88b3ffe051f36e6a,7cc5850c-a9bf-4b8f-8230-4229a6d4109e
e1094623d2111753b16f2e0a49e5502d,f88ee265-c1d6-4642-824a-986dae80c7b6
64fcabc1b8516f596ebeb67c613d6b77,f88ee265-c1d6-4642-824a-986dae80c7b6
4b1b4dc8cf38b3c64b1d657da8f5ac8c,f88ee265-c1d6-4642-824a-986dae80c7b6
b710da5e7c08ffaf440a20289168aacb,f88ee265-c1d6-4642-824a-986dae80c7b6
f98a9252aa70ec862be241eb4ddd8a8d,f88ee265-c1d6-4642-824a-986dae80c7b6
b47a2fbaa1af8cf81acacaa7ffc8a70e,f88ee265-c1d6-4642-824a-986dae80c7b6
1b7fc8e60f200618e463c9825245a147,f88ee265-c1d6-4642-824a-986dae80c7b6
1452873b6c007aaf8a1c27ad2bd4870d,f88ee265-c1d6-4642-824a-986dae80c7b6
6e45f70ef7298079cb7bae76b2fb1eed,f88ee265-c1d6-4642-824a-986dae80c7b6
abc9e32ca4f37c7a6cce0f751c45ff8a,f88ee265-c1d6-4642-824a-986dae80c7b6
1b7fc8e60f200618e463c9825245a147,f88ee265-c1d6-4642-824a-986dae80c7b6
1452873b6c007aaf8a1c27ad2bd4870d,f88ee265-c1d6-4642-824a-986dae80c7b6
8476943330aa6be3cf5194374062928d,f88ee265-c1d6-4642-824a-986dae80c7b6
db0a92e06427ae1b6e3af45fa9f8c669,f88ee265-c1d6-4642-824a-986dae80c7b6
1b7fc8e60f200618e463c9825245a147,f88ee265-c1d6-4642-824a-986dae80c7b6
1452873b6c007aaf8a1c27ad2bd4870d,f88ee265-c1d6-4642-824a-986dae80c7b6
1deebe1ea9a2346de86cb20eacc21f0f,f88ee265-c1d6-4642-824a-986dae80c7b6
51aeaebee56a366dcc4579c068f7eeb4,f88ee265-c1d6-4642-824a-986dae80c7b6
1b7fc8e60f200618e463c9825245a147,f88ee265-c1d6-4642-824a-986dae80c7b6
1452873b6c007aaf8a1c27ad2bd4870d,f88ee265-c1d6-4642-824a-986dae80c7b6
591d73f9ba4001a00051b86f24d5c3b0,f88ee265-c1d6-4642-824a-986dae80c7b6
d926a447a6fc5a13b67cea306c4172e5,f88ee265-c1d6-4642-824a-986dae80c7b6
415125074225f02aeeb76069d23a8660,f88ee265-c1d6-4642-824a-986dae80c7b6
ebf5af1867267db0393fd3d51c6871bf,f88ee265-c1d6-4642-824a-986dae80c7b6
799a0ab3be3f8387cdcca27a7225fe07,f88ee265-c1d6-4642-824a-986dae80c7b6
ccbc43fab863ead2b48f3b485e0bd7f5,f88ee265-c1d6-4642-824a-986dae80c7b6
415125074225f02aeeb76069d23a8660,f88ee265-c1d6-4642-824a-986dae80c7b6
ebf5af1867267db0393fd3d51c6871bf,f88ee265-c1d6-4642-824a-986dae80c7b6
799a0ab3be3f8387cdcca27a7225fe07,f88ee265-c1d6-4642-824a-986dae80c7b6
328bd50e9123a27013fdb461e83a5b24,f88ee265-c1d6-4642-824a-986dae80c7b6
549e60ce4000c040eec82bd49e72ac81,f88ee265-c1d6-4642-824a-986dae80c7b6
5071352f1f7a25de99294f06cd06e775,f88ee265-c1d6-4642-824a-986dae80c7b6
4a5787d8623605d47c2da58478781116,f88ee265-c1d6-4642-824a-986dae80c7b6
b0e1f6c1f6be4094be192e0b1aee187a,f88ee265-c1d6-4642-824a-986dae80c7b6
57af25168878f48a8d01f5996f74ff79,f88ee265-c1d6-4642-824a-986dae80c7b6
b0e1f6c1f6be4094be192e0b1aee187a,f88ee265-c1d6-4642-824a-986dae80c7b6
fc29a16ea694b5c2989b83a0c1cee70a,f88ee265-c1d6-4642-824a-986dae80c7b6
edc5a84098e2095f824d4a9529896ff0,f88ee265-c1d6-4642-824a-986dae80c7b6
9efeb1f6f29ad205eb99d84e375db5f3,f88ee265-c1d6-4642-824a-986dae80c7b6
591c91fe0543a453cad2e8a7092752ea,f88ee265-c1d6-4642-824a-986dae80c7b6
890fc5a35cef826c09ff00f2dc724490,f88ee265-c1d6-4642-824a-986dae80c7b6
edc5a84098e2095f824d4a9529896ff0,f88ee265-c1d6-4642-824a-986dae80c7b6
446ce5e8c5a79b67c982898d0ec95be4,f88ee265-c1d6-4642-824a-986dae80c7b6
e5ebeea46f3bd50802d568e79da775ec,f88ee265-c1d6-4642-824a-986dae80c7b6
5f6e9b0e32bd260f80f90571aae1a6c2,f88ee265-c1d6-4642-824a-986dae80c7b6
db0a92e06427ae1b6e3af45fa9f8c669,f88ee265-c1d6-4642-824a-986dae80c7b6
1b7fc8e60f200618e463c9825245a147,f88ee265-c1d6-4642-824a-986dae80c7b6
1452873b6c007aaf8a1c27ad2bd4870d,f88ee265-c1d6-4642-824a-986dae80c7b6
51aeaebee56a366dcc4579c068f7eeb4,f88ee265-c1d6-4642-824a-986dae80c7b6
1b7fc8e60f200618e463c9825245a147,f88ee265-c1d6-4642-824a-986dae80c7b6
1452873b6c007aaf8a1c27ad2bd4870d,f88ee265-c1d6-4642-824a-986dae80c7b6
d926a447a6fc5a13b67cea306c4172e5,f88ee265-c1d6-4642-824a-986dae80c7b6
415125074225f02aeeb76069d23a8660,f88ee265-c1d6-4642-824a-986dae80c7b6
5fdc224f53b72a4a3370cf323292236b,f88ee265-c1d6-4642-824a-986dae80c7b6
ccbc43fab863ead2b48f3b485e0bd7f5,f88ee265-c1d6-4642-824a-986dae80c7b6
415125074225f02aeeb76069d23a8660,f88ee265-c1d6-4642-824a-986dae80c7b6
ebf5af1867267db0393fd3d51c6871bf,f88ee265-c1d6-4642-824a-986dae80c7b6
328bd50e9123a27013fdb461e83a5b24,f88ee265-c1d6-4642-824a-986dae80c7b6
549e60ce4000c040eec82bd49e72ac81,f88ee265-c1d6-4642-824a-986dae80c7b6
5071352f1f7a25de99294f06cd06e775,f88ee265-c1d6-4642-824a-986dae80c7b6
d5ebe817845b696f17b6a597a36ad873,f88ee265-c1d6-4642-824a-986dae80c7b6
a12ce945d020a9daf504f5dc4eef2658,f88ee265-c1d6-4642-824a-986dae80c7b6
40e32eadccadf4bfcde0b76325541c80,f88ee265-c1d6-4642-824a-986dae80c7b6
39080cd7d43402429535a79d795de554,f88ee265-c1d6-4642-824a-986dae80c7b6
3e15d08b9768f8fb78f967231cb9d852,59ed4725-5f2a-4844-8dc4-e6926dbcb5ce
6ca164ec1ff8fe0eea13d86e0ae01e12,59ed4725-5f2a-4844-8dc4-e6926dbcb5ce
a186eb6738552b074d2a94604d48d682,59ed4725-5f2a-4844-8dc4-e6926dbcb5ce
639480a2f1067449d2f36f6f591df97a,59ed4725-5f2a-4844-8dc4-e6926dbcb5ce
3e0d2128063efec34ad8446d984d7352,59ed4725-5f2a-4844-8dc4-e6926dbcb5ce
42545a15e75f76310260de2b15bebf82,59ed4725-5f2a-4844-8dc4-e6926dbcb5ce
f936cd66000e8affaa75d4ee189ba5c1,59ed4725-5f2a-4844-8dc4-e6926dbcb5ce
14503a5063339531bbe7613ff1700d79,59ed4725-5f2a-4844-8dc4-e6926dbcb5ce
8083674ca48042b43df0e7e550110ef4,59ed4725-5f2a-4844-8dc4-e6926dbcb5ce
c4ff2c9fb1e91318712a4789aef89ece,59ed4725-5f2a-4844-8dc4-e6926dbcb5ce
1e01d98b77d7d0a67167208d3527a7ea,59ed4725-5f2a-4844-8dc4-e6926dbcb5ce
639480a2f1067449d2f36f6f591df97a,59ed4725-5f2a-4844-8dc4-e6926dbcb5ce
4b3ded939af80f0d881aac32ce49b9fd,59ed4725-5f2a-4844-8dc4-e6926dbcb5ce
153a95ae748770341efdc32ed7fee134,59ed4725-5f2a-4844-8dc4-e6926dbcb5ce
8bc67a0b36a16f2162b37ca61ad99089,59ed4725-5f2a-4844-8dc4-e6926dbcb5ce
fa0a87a75bdb1a3e571d16b352e4e655,59ed4725-5f2a-4844-8dc4-e6926dbcb5ce
f3f8b020a253935997afb39863832b77,59ed4725-5f2a-4844-8dc4-e6926dbcb5ce
a186eb6738552b074d2a94604d48d682,59ed4725-5f2a-4844-8dc4-e6926dbcb5ce
0c60b36949fe132974ed52c248fccbb8,59ed4725-5f2a-4844-8dc4-e6926dbcb5ce
b37ce2624e76e69a51a1f8a528deabfd,59ed4725-5f2a-4844-8dc4-e6926dbcb5ce
8bc67a0b36a16f2162b37ca61ad99089,59ed4725-5f2a-4844-8dc4-e6926dbcb5ce
01950a322b5b7dbdc3e5bf2b942cb9a9,59ed4725-5f2a-4844-8dc4-e6926dbcb5ce
6d8756a01d2e3c52dd9b2a5e91d053a6,59ed4725-5f2a-4844-8dc4-e6926dbcb5ce
6ca164ec1ff8fe0eea13d86e0ae01e12,59ed4725-5f2a-4844-8dc4-e6926dbcb5ce
6e0ba93105bad311873d4e695418ce55,59ed4725-5f2a-4844-8dc4-e6926dbcb5ce
135f690edde71a4cb6a3479c8606a7ce,59ed4725-5f2a-4844-8dc4-e6926dbcb5ce
8bc67a0b36a16f2162b37ca61ad99089,59ed4725-5f2a-4844-8dc4-e6926dbcb5ce
0dbe527877260aa8b56162764e865041,59ed4725-5f2a-4844-8dc4-e6926dbcb5ce
6d8756a01d2e3c52dd9b2a5e91d053a6,59ed4725-5f2a-4844-8dc4-e6926dbcb5ce
6ca164ec1ff8fe0eea13d86e0ae01e12,59ed4725-5f2a-4844-8dc4-e6926dbcb5ce
6e0ba93105bad311873d4e695418ce55,59ed4725-5f2a-4844-8dc4-e6926dbcb5ce
135f690edde71a4cb6a3479c8606a7ce,59ed4725-5f2a-4844-8dc4-e6926dbcb5ce
8bc67a0b36a16f2162b37ca61ad99089,59ed4725-5f2a-4844-8dc4-e6926dbcb5ce
0dbe527877260aa8b56162764e865041,59ed4725-5f2a-4844-8dc4-e6926dbcb5ce
2b81f7369fc1704204c615645df13873,59ed4725-5f2a-4844-8dc4-e6926dbcb5ce
3e15d08b9768f8fb78f967231cb9d852,59ed4725-5f2a-4844-8dc4-e6926dbcb5ce
1d35bdb499c790b68244ed5605515405,59ed4725-5f2a-4844-8dc4-e6926dbcb5ce
f85101ae1e8f6598261207e59cf166b9,59ed4725-5f2a-4844-8dc4-e6926dbcb5ce
8bc67a0b36a16f2162b37ca61ad99089,59ed4725-5f2a-4844-8dc4-e6926dbcb5ce
d46873ad90c05f41174187480e49ea33,59ed4725-5f2a-4844-8dc4-e6926dbcb5ce
117ae35a3a45ce0ff1b76c1044267786,59ed4725-5f2a-4844-8dc4-e6926dbcb5ce
81b110745b8a3840fe18770aedf38759,59ed4725-5f2a-4844-8dc4-e6926dbcb5ce
8cf4b297c607279ceaf0e6ba020d4f6f,59ed4725-5f2a-4844-8dc4-e6926dbcb5ce
67eed2e0cd86adb6f413408483af481d,59ed4725-5f2a-4844-8dc4-e6926dbcb5ce
fdfc94d0e68bf4ee5474e04a057fed0c,59ed4725-5f2a-4844-8dc4-e6926dbcb5ce
0f8031c9ffb1da1d7a7b5d4ef4ed0744,59ed4725-5f2a-4844-8dc4-e6926dbcb5ce
fdfc94d0e68bf4ee5474e04a057fed0c,59ed4725-5f2a-4844-8dc4-e6926dbcb5ce
40161cabb0415d759bad0dcdc1779ca8,59ed4725-5f2a-4844-8dc4-e6926dbcb5ce
fdfc94d0e68bf4ee5474e04a057fed0c,59ed4725-5f2a-4844-8dc4-e6926dbcb5ce
418edf444ef5ab2e9c6a96c4871f5c55,59ed4725-5f2a-4844-8dc4-e6926dbcb5ce
fc9e4607186834e7988f889a3a5f64c5,59ed4725-5f2a-4844-8dc4-e6926dbcb5ce
c827d183ae0eb9f97ec5b94fc59125d6,59ed4725-5f2a-4844-8dc4-e6926dbcb5ce
fc9e4607186834e7988f889a3a5f64c5,59ed4725-5f2a-4844-8dc4-e6926dbcb5ce
37fc210afa70a5873766cf013f32352d,59ed4725-5f2a-4844-8dc4-e6926dbcb5ce
fc9e4607186834e7988f889a3a5f64c5,59ed4725-5f2a-4844-8dc4-e6926dbcb5ce
e4adc62685cee90df4b3e5ff2171a67c,59ed4725-5f2a-4844-8dc4-e6926dbcb5ce
fc9e4607186834e7988f889a3a5f64c5,59ed4725-5f2a-4844-8dc4-e6926dbcb5ce
df47dc1158c41c4b8b16c8f7f390b46e,59ed4725-5f2a-4844-8dc4-e6926dbcb5ce
fc9e4607186834e7988f889a3a5f64c5,59ed4725-5f2a-4844-8dc4-e6926dbcb5ce
cddff8e39bb8214a1675fbc27e2d8eb8,59ed4725-5f2a-4844-8dc4-e6926dbcb5ce
